id,name,steps,image_url,created_at,updated_at,cuisine_id
1,Green Monster Ice Pops,"<ol><li>Place all ingredients into a blender and mix well.</li><li>Taste the smoothie. If you find that it is not sweet enough, add 1 to 2 tablespoons of maple syrup or honey into the smoothie and blend.</li><li>Pour smoothie into the ice pop molds. Insert a wooden popsicle stick into the mold, leaving about a quarter of the stick above the mold.</li><li>Place the molds into the freezer for 2-3 hours to let freeze before serving.</li></ol>",https://spoonacular.com/recipeImages/645479-556x370.jpg,2022-10-28 13:46:59 UTC,2022-10-28 13:46:59 UTC,
2,Ham with Orange Rosemary Marmalade Glaze,"Preheat oven to 350 degrees. Cover ham with a large piece of parchment and then foil. Place ham, widest side down, on a heavy rimmed baking sheet. Bake for 1 hour.
Heat glaze ingredients in a saucepan over medium heat until runny, about 5 minutes.
Remove ham from oven, and uncover. Score ham all over in a diamond pattern. Brush 1/2 of the glaze over ham.
Increase temperature to 425 degrees. Bake ham, uncovered, for 20 minutes. Brush with remaining glaze, and bake until golden brown, 10 to 15 minutes more. Let rest for 15 to 30 minutes before slicing.",https://spoonacular.com/recipeImages/646217-556x370.jpg,2022-10-28 13:47:03 UTC,2022-10-28 13:47:03 UTC,
3,Banana Foster Bread Pudding,"Preheat oven to 325 degrees.  In a large bowl, cream together the butter and sugar.  Beat in eggs then stir in the cream, milk, liqueur, cinnamon, vanilla and bread.  Once well combined fold in the sliced bananas carefully.  Pour into a 13x9 baking dish and cook for 90 minutes or until completely set.  This can be served hot, room temp or cold. It can be topped with vanilla ice cream, whipped cream or as I did with the following topping.
In a sauce pan over medium high heat melt the butter then add the brown sugar.  Once melted add the banana slices and stir gently, cook until the syrup has reduced and the bananas have caramelized.  This will take about 5-10 minutes, be careful to not let your sugar burn. When ready ladle some of this hot sauce over each serving of bread pudding.",https://spoonacular.com/recipeImages/634091-556x370.jpg,2022-10-28 13:47:09 UTC,2022-10-28 13:47:09 UTC,
4,Turkey Enchilada Bake,"<ol><li>1.Make the turkey mixture: Roast the vegetables: Preheat oven to 400 degrees.Cut the tomatillos in half, slice the onion into  in slices and remove garlic from covering. Place on baking sheet. Roast till tomatillos are tender and start to brown, about 20 minutes.</li><li>2.Meanwhile,make the sauce: Add tomatillos, onion, garlic, tomatoes, green chilies, chipotles, chili powder, cumin, paprika, and coriander to blender or food processor. Blend until smooth.</li><li>In a large bowel, add the turkey, beans, and sauce, Mix together until everything is evenly distributed.</li><li>3.Layer 1:In a 9 by 13 baking dish, spread salsa on the bottom evenly. place 3.5 tortillas on top, making sure they cover evenly. Add 1 cup of turkey mixture on top of tortillas, spreading evenly. Add 1 cup of cheese on top, sprinkling evenly. Place  cup of thinly sliced red onion on top of cheese.</li><li>4.Layer 2: Repeat of layer 1</li><li>5.Layer 3:Place tortillas, then turkey. Place the sliced of avocado on top of turkey so they evenly cover. Add lime juice evenly over avocado, this will help them stay green. Top with final cup of cheese. Cover with foil.</li><li>6.Place in oven and bake for 30 min, rotating  way. Remove foil and chook for another 10 minutes.</li><li>7.Let cool for at least 10 minutes. Serve with chopped cilantro and a dollop of sour cream. Serve with tortillas chips. Enjoy!</li><li>Your can find step by step pictures on how to make the turkey mixture on my Mini Mexican Bell Pepper Recipe</li><li>Again, I made a double batch of turkey when I made those, so this recipe was even easier. I highly recommend doing so.</li></ol>",,2022-10-28 13:47:14 UTC,2022-10-28 13:47:14 UTC,
5,Mediterranean eggplants,"<ol><li>Wash eggplants, cut the stems and halve lengthwise. Scoop out the middle.</li><li>In a bowl mix and combine sausage meat, egg, feta cheese, mozzarella, almonds and pepper.</li><li>With a spoon, stuff the eggplants.</li><li>Sprinkle with breadcrumbs (about  tablespoon on each eggplant) and olive oil.</li><li>Place the eggplants on a baking sheet lined with parchment paper and bake in the oven for 25 minutes on 230C.</li><li>Serve hot, sprinkled with fresh, chopped dill, chives or basil.</li></ol>",https://spoonacular.com/recipeImages/651407-556x370.jpg,2022-10-28 13:47:27 UTC,2022-10-28 13:47:27 UTC,
6,Stinging Nettle Pesto,"Using tongs, blanche nettles for a minute or two in boiling water to neutralize the sting.
Remove to a salad spinner and shake off excess water, then ball up your nettles and give one good squeeze to wring out more water.
Chop nettles and add to a food processor with roasted pine nuts (or walnuts, if you prefer), grated Parmesan, garlic cloves, lemon juice, and seasoning.
Pour half the olive oil in and...Whirrrr. Pour the rest of the oil in. Whir again, until your preferred consistency.",https://spoonacular.com/recipeImages/661645-556x370.jpg,2022-10-28 13:47:33 UTC,2022-10-28 13:47:33 UTC,
7,Tzadziki,"Salt lightly the cucumbers, mix and set aside for 5 minutes to release the water. To remove as much water as possible from the grated cucumber, squeeze it in small quantities with hands.
Mix and combine yogurt, sour cream, olive oil, vinegar, garlic and white pepper until smooth.
Add cucumbers and dill, mix and combine.Adjust the seasoning.
Chill for at least two hours before serving.",https://spoonacular.com/recipeImages/664192-556x370.jpg,2022-10-28 13:47:37 UTC,2022-10-28 13:47:37 UTC,
8,Beans Hawaiian,"Soak dried navy beans overnight in a large pot. You want the water to be cold and about 2-3 inches above the beans. Cover and refrigerate at least 8 hours.
Drain and rinse the beans. Place in a large pot and cover by 4-5 inches of fresh water. Bring to a boil, reduce heat and simmer for 1  1 hours until the beans are tender but not bursting.
In the meantime, combine teriyaki sauce, soy sauce, pineapple juice, brown sugar and ginger in a medium bowl. Whisk until brown sugar has dissolved. Set aside.
Preheat oven to 350
Reserving 2 cups of the boiled water, drain the beans.
In a large Dutch oven, saut bacon for 3-4 minutes over medium high heat. With a slotted spoon remove bacon and set aside.
Add onions to the bacon fat and cook until translucent, about 5 minutes. Add garlic and pineapple and saut for an additional minute, until the garlic becomes fragrant.
Place bacon back into the dutch oven and add the cubed ham steak, beans, reserved water, and prepared sauce. Stir well to combine.
Bake in the oven covered for 10 minutes. Reduce heat to 200 and continue to cook for 6 hours, stirring halfway through.
After 6 hours, remove lid, increase heat to 350 and cook for an additional 1-2 hours stirring every twenty minutes until the sauce has thickened.",https://spoonacular.com/recipeImages/634545-556x370.jpg,2022-10-28 13:47:41 UTC,2022-10-28 13:47:41 UTC,
9,Raspberry Walnut Coffee Cake,"<ol><li>Preheat oven to 375 and grease an 8x8 pan.</li><li>Combine all wet ingredients (milk, flax, vanilla, syrup, oil). Let stand while grinding the walnuts. </li><li>Whisk together with the baking soda, cinnamon, and salt.</li><li>Pour half the batter into prepared pan. Using a spoon, dollop lines of jam across the batter and swirl into batter using a knife. Pour the rest of the batter on top.</li><li>Mix up the crumble topping: add the walnuts to a bag and crush until broken down into pea-sized crumbs. Toss with the oat flour, cinnamon, sugar and rolled oats if using. Stir in the tablespoon of oil until the everything starts to come together--mixture should be crumbly. Sprinkle the topping evenly across the top of the batter and bake for 25 minutes, or until browned on top and it springs back slightly when touched. Serve warm.</li></ol>",https://spoonacular.com/recipeImages/657917-556x370.jpg,2022-10-28 13:47:45 UTC,2022-10-28 13:47:45 UTC,
10,Black Bean Brownies,"Preheat oven to 350 F. Mix beans, oil, applesauce, eggs, egg yolk, sugar, cocoa powder, and espresso powder in your food processor. Pulse for 1 minute, or until smooth.
Place your chopped chocolate and butter in a small bowl and microwave for 1 minute, stirring halfway. Stir until the mixture is smooth. Set aside to cool for a few minutes.
Add chocolate/butter mixture, vanilla extract, and salt to the food processor; pulse to blend. Pour batter into a large bowl and stir in the flour.
Spread batter into a foil-lined 8x8"" baking pan coated with nonstick cooking spray. Smooth the top and sprinkle evenly with the walnuts (if using).
Bake for 25 to 30 minutes, or until a toothpick inserted into the center comes out clean. Let the brownies cool in the pan on a wire rack for 15 minutes. Cut into squares and serve",https://spoonacular.com/recipeImages/635063-556x370.jpg,2022-10-28 13:47:52 UTC,2022-10-28 13:47:52 UTC,
11,Panna Cotta with Raspberry and Orange Sauce,"Spray 6 ramekins or juice glasses with the nonstick cooking spray.
Add the half and half to a saucepan over low-medium heat (dont let the mixture get too hot or come to a boil).
When warm, sprinkle the gelatin over the mixture, and stir it to dissolve it.
Add the mascarpone and stir until melted.
Add the sugar, orange zest and vanilla, and stir until the sugar is dissolved.
Remove from the heat and let it stand for about 5 minutes.
Pour the mixture evenly into the ramekins or glasses.
Cover and refrigerate for at least four hours, but ideally overnight.
Meanwhile, put the raspberries in a bowl and press them softly with a fork to produce some juice.
Add the orange juice and confectioners sugar and mix together. Keep the berry mixture refrigerated until youre ready to serve the panna cotta.
When the panna cotta has set, move a knife around the edges of the ramekin or glasses to loosen it, and gently shake each onto individual plates.
Drizzle the berry mixture over each serving.",https://spoonacular.com/recipeImages/654571-556x370.jpg,2022-10-28 13:47:57 UTC,2022-10-28 13:47:57 UTC,
12,Stuffed Pork Tenderloin with Marsala-Port Sauce,"Preheat the oven to 450 .
In large skillet, over medium heat warm the olive oil. Add the onions, shallots and mushrooms. Cook until the onions are translucent. Remove from the heat.
In a small food processor add the dried apricots, raisins, dried cranberries, parsley and the onion mushrooms mixture.  Pulse for a few times until everything is minced and well combined.
Cut the tenderloin in half crosswise. Butterfly each sections making sure not to go completely thru the meat.
Salt and pepper generously each section. Spread the onion mushroom mixture over on side. Place the other half of the meat  over the mixture and seal the sides with toothpicks. Season generously with salt and pepper on each side.
In the same pan that the onions were cooked, heat  teaspoon of olive oil and add the pork tenderloin. Sear each side for about 3-5 minutes.
Place in the hot over and cook for another 20 to 30  minutes, or until no juices are running off the pork tenderloin.
Remove from the oven, transfer the meat on a dish and cover with aluminum foil.
Pour off any fat from the pan, or bits of meat that may have fallen from the pork.  Add the marsala and port wine. Bring to a boil and with a spatula scrape up any browned bits on the bottom of the pan. Add any pan juices from the tenderloin and continue cooking until the sauce is reduced to  cup. Remove from the heat and add the butter and cream. Swirl around to ensure butter is melted.
Remove the toothpicks and cut the pork tenderloin crosswise. Arrange on a plate and pour the sauce over it, or alongside.",https://spoonacular.com/recipeImages/662075-556x370.jpg,2022-10-28 13:47:59 UTC,2022-10-28 13:47:59 UTC,
13,BBQ Beef Brisket,"Trim any large, thick pieces of fat from the brisket (dont remove all of the fat because it keeps the meat moist during cooking and adds flavor)
Sprinkle brisket with salt and pepper.
Mix the onion powder, garlic powder, smoked paprika, cumin, and cayenne pepper together in a small bowl.
Dry rub both sides of the brisket with the seasoning mixture.
Heat oil in a pan over medium-high heat and sear the meat on both sides.
Remove from the heat and set aside.
Stir together the honey barbecue sauce and brown sugar.
Pour half of the sauce into the bottom of your slow cooker.
Place the brisket, fatty side up, into the slow cooker.
Cover the top o the brisket with the remaining sauce.
Cover the slow cooker and set heat to low for 9 hours, or until fork tender.
When the brisket is cooked, remove it carefully from the slow cooker and place it on a cutting board.
Pour the sauce from the slow cooker into a saucepan and let it cool.
Skim the fat that has risen to the top of the sauce in the large bowl.
It will appear lighter in color than the sauce, like droplets of oil on the surface. Skim as much fat as you can.
In a small bowl, stir together cornstarch and 1 tbs. of water till completely smooth.
Pour the cornstarch mixture into the bowl of sauce and stir to combine.
Reduce the sauce quickly in a saucepan on the stovetop by simmering it to 10 minutes.
Pour the sauce over the brisket and serve.
The leftovers make great BBQ sandwiches.
If you like crockpot food, be sure to check out some of my favorite recipes at www.mealdiva.com",https://spoonacular.com/recipeImages/634486-556x370.jpg,2022-10-28 13:48:05 UTC,2022-10-28 13:48:05 UTC,
14,How to Make the Cheesiest Bowtie Mac and Cheese,"Instructions

Step 1: Heat your oven to 350 degrees Fahrenheit, and then cook your pasta as directed. Drain.

Step 2: Shred the cheese. Add cooked noodles, cheese, sour cream, salt and pepper, and butter to a medium mixing bowl and stir until combined.

Step 3: Add to a 9 x 13 prepared casserole dish, top with extra cheese if desired, and bake for 20 minutes.

Step 4: Remove from oven and serve hot.",https://spoonacular.com/recipeImages/715595-556x370.jpg,2022-10-28 13:48:09 UTC,2022-10-28 13:48:09 UTC,
15,Braised Smoky Pork With Fresh Pappardelle,"Preheat the oven to 300 degrees.
Season the pork well with 1 1/2 tablespoons of smoked salt.  In a dutch oven or cast iron-casserole, heat the canola oil until hot and shimmering.  Add the pork and cook over moderately high heat, turning until browned on all sides, about 15 minutes.
Transfer the pork to a plate and set aside.
Add the apple, onion, carrot, celery, garlic and thyme sprigs to the casserole and cook over moderate heat until somewhat caramelized, about 6-7 minutes.
Add the smoked paprika and tomato paste and cook until the paste deepens in color, about 3-4 minutes.
Add the wine, chicken stock, vinegar and honey and bring to a boil.  Once boiling, reduce to a simmer.
Add the pork - the braising liquid should come up about halfway on the pork shoulder - cover the casserole tightly with aluminum foil and place the lid over top.
Transfer to the preheated oven.  Braise the pork for about 3 hours, turning once halfway through, until very tender.
Tranfer the pork to a clean plate.  Strain the sauce through a fine mesh sieve into a large bowl, gently pressing on the solids with the back of a spoon.
Pour the sauce back into the casserole.  Using two forks, or your very clean hands, shred the pork, discarding any pieces of fat.
Transfer the pork back to the sauce and gently stir in the mascarpone.  Season the salt the additional smoked salt and pepper.  Cover and keep warm.
In a large pot of salted boiling water, add a teaspoon of olive oil.  Add the pappardelle and cook until al dente.
Drain the pasta and transfer to the casserole with the sauce.
Toss the pasta with the sauce and parsley and thyme leaves until well-coated.
Transfer the pasta to warm bowls.
Drizzle with good-quality extra virgin olive oil, sprinkle with a little smoked salt, garnish with a sprig of thyme and serve.",https://spoonacular.com/recipeImages/635869-556x370.jpg,2022-10-28 13:48:11 UTC,2022-10-28 13:48:11 UTC,
16,Broccoli with cheese soup,"Add onions and carrots to the melted butter and saute for 5-6 minutes over medium heat, or until vegetables are tender.
Add 1 cup chicken broth and bring to the boil.
Add broccoli and cook, covered, 5 to 6 minutes or until the broccoli is tender. Using a spoon, break broccoli florets in small pieces.
Reduce heat to low and add remaining cup of chicken broth.
Mix flour and milk in a small bowl and whisk until smooth. Add mixture to the pot.
Add garlic powder, salt, and pepper. Continue cooking for about 5-6 minutes over low heat until soup thickens.
Add cheese, handfuls at a time, and stir constantly over low heat for 10 minutes until smooth and creamy. If soup becomes too thick, add additional chicken stock. Do not let soup boil.",https://spoonacular.com/recipeImages/636230-556x370.jpg,2022-10-28 13:48:19 UTC,2022-10-28 13:48:19 UTC,
17,Classic Buttermilk Pie,"<ol><li>Preheat oven to 325 degrees.</li><li>Beat eggs slightly and add sugar and flour. Then add melted butter and mix well. Add buttermilk and vanilla and mix.</li><li>Dust the unbaked pie shell with a little bit of flour. Pour batter into shell, and then sprinkle a little more flour on top.</li><li>Bake at 325 degrees until the custard is set, approximately 1 hour.</li></ol>",https://spoonacular.com/recipeImages/639578-556x370.jpg,2022-10-28 13:48:20 UTC,2022-10-28 13:48:20 UTC,
18,"Whole Wheat No-Yeast Pizza with Roasted Garlic, Sweet Potatoes, and Onions","<ol><li>Roasted Garlic Instructions:</li><li>Preheat oven to 400 degrees F.</li><li>Cut the top off the bulb of garlic, exposing the cloves.</li><li>Place the garlic on a sheet of foil large enough to wrap it up.</li><li>Drizzle olive oil over top of garlic bulb and sprinkle with salt.</li><li>Tightly wrap the garlic in the foil.</li><li>Place foil in the oven and cook for 45 minutes.</li><li>Remove and unwrap garlic. Turn upside down and squeeze the cloves out of the garlic skin</li><li>Whole Wheat Pizza Dough Instructions:</li><li>Place all ingredients (except 2 tbsp olive oil) in a food processor or a stand mixer with dough hook. If using a food processor, process until dough forms into a ball. Add extra water, 1 tbsp at a time if dough is too dry. If using a stand mixer, mix with dough hook until all of the flour is mixed together.</li><li>If you have time, place dough in plastic wrap and refrigerate for 20-30 minutes.</li><li>Lightly flour surface and roll dough out until it is 1/2 inch thick. I chose to use a large bowl and cut out circular pizzas. This required me to roll the dough out three times, making 2 larger pizzas and one smaller one. You could also opt to roll it out until it is a rectangle.</li><li>Place pizza on pizza stone or on greased cookie sheet. Set aside.</li><li>Brush pizza dough lightly with olive oil (no more than 2 tbsp total).</li><li>Pizza Topping Instructions:</li><li>Preheat oven to 400 degrees F.</li><li>Line a baking sheet with foil and spray with non-stick cooking spray.</li><li>Place cubed red onion and sweet potato on the sheet.</li><li>Drizzle with 1-2 tbsp olive oil, and sprinkle with thyme, rosemary, salt and pepper.</li><li>Roast for 25-30 minutes, mixing the vegetables around occasionally. (I roasted my garlic at the same time).</li><li>Remove and set aside.</li><li>Take your freshly roasted bulb of garlic and squeeze the garlic out into a mortar bowl (if you don't have one, use a bowl). Crush the garlic with either a pestle or the bottom of a spoon until it is a paste.</li><li>Spread the roasted garlic paste over the pizza dough.</li><li>Sprinkle/crumble your cheese of choice over the pizza dough.</li><li>Place the vegetables on top of the cheese.</li><li>Cook pizza for approximately 20 minutes (plus or minus a few minutes depending on your oven), waiting for the crust to become golden brown.</li><li>Enjoy!</li></ol>",https://spoonacular.com/recipeImages/665294-556x370.jpg,2022-10-28 13:48:21 UTC,2022-10-28 13:48:21 UTC,
19,"Farfalle with fresh tomatoes, basil and mozzarella","<ol><li>Boil a large pot of salted water and cook the pasta according to the package directions. When done drain, place back in the cooking pan and add the butter.</li><li>In a large skillet saut the tomatoes with the olive oil, 5 minutes. Remove from the heat and add the basil.</li><li>In a large bowl add the pasta, the tomatoes and mix well. Add the mozzarella and give it a last light folding.</li><li>Serve immediately</li></ol>",https://spoonacular.com/recipeImages/642585-556x370.jpg,2022-10-28 13:48:27 UTC,2022-10-28 13:48:27 UTC,
20,Almond Joy Protein Shake,"",https://spoonacular.com/recipeImages/794538-556x370.jpg,2022-10-28 13:48:28 UTC,2022-10-28 13:48:28 UTC,
21,Bleu Cheese Stuffed Wine Cherries With Honeycomb,"<ol><li>Bring the wine, cinnamon, lemon zest, and sugar to a boil. Lower to medium heat and reduce the mixture by half. Add the cherries and poach them gently for one minute. Remove from the heat and allow the cherries to macerate for half an hour.</li><li>Remove from the poaching wine and allow cherries to cool. Use an ice bath if you are in a hurry.</li><li>Meanwhile, roll 8 pieces of bleu cheese into the size of cherry pits. Refrigerate until the cherries cool.</li><li>When ready to serve, place a piece of bleu cheese between two cherry halves and press lightly. Place on a serving spoon.</li><li>Slice a piece of honeycomb (1 cm cube) and place beside the stuffed cherry. Lastly, top with an almond half.</li></ol>",https://spoonacular.com/recipeImages/635297-556x370.jpg,2022-10-28 13:48:31 UTC,2022-10-28 13:48:31 UTC,
22,5 Minute Gluten Free Wonder Buns,"<ol><li>In  a small bowl, beat the egg and molasses.</li><li>In another small bowl, add the flour, almond meal, ground flax seed, baking powder, and cocoa powder. Make sure it is thoroughly mixed so you do not end up with little balls of cocoa or bitter baking soda.</li><li>Add the eggs to the dry ingredients, stir until smooth.</li><li>Oil a 10 oz Pyrex custard cup and sprinkle sesame seeds on the bottom and sides.</li><li>Pour the batter into the cup. Top with more sesame seeds.</li><li>Microwave for 90 seconds.</li><li>That is it! A ready to eat, tasty bun. A wonder bun!</li></ol>",https://spoonacular.com/recipeImages/631874-556x370.jpg,2022-10-28 13:48:34 UTC,2022-10-28 13:48:34 UTC,
23,White cake with marzipan and almonds,"<ol><li>Beat egg whites and only 2 tablespoons of sugar into stiff peaks.</li><li>Mix the remaining sugar, flour, corn starch and baking powder in a separate bowl.</li><li>Sift the flour and sugar mixture into the egg whites; stir very gently the mixture until smooth.</li><li>Stir in the melted butter.</li><li>Add half of the marzipan and amaretto, mix and combine.</li><li>Pour the mixture into a suitable silicon mould (or regular round shape greased and sprinkled with bread crumbs).</li><li>Sprinkle the top with the rest of the marzipan and sliced almonds.</li><li>Bake the cake in the oven at 180C for 30 - 40 minutes or until done (the trick with a toothpick).</li><li>Let it completely cool in the mould, then turn onto a serving plate.</li></ol>",https://spoonacular.com/recipeImages/665155-556x370.jpg,2022-10-28 13:48:38 UTC,2022-10-28 13:48:38 UTC,
24,Crab and Shrimp Burgers With Garlic Grits Fries,"Burgers:
In a large bowl, carefully mix all of the ingredients except the breadcrumbs, seafood seasoning and butter. Form into 8 patties and set on a baking sheet. Chill for an hour.
Once chilled, cover all sides of the patties with bread crumbs and lay on a separate baking sheet. Bake in an oven preheated to 375 degrees for 15-20 minutes, flipping once.
If desired, top with a bit of butter and set the burgers onto a vegetable grill basket. Heat for 1-2 minutes on a preheated grill just for flavor and a little color. Serve on warm buns.
Fries:
Cook the grits according to the package directions. Stir in the cheese and salt just before removing from heat.
Carefully pour the hot grits into a large, shallow plastic container. Allow the grits to cool down to room temperature. Cover, then chill overnight.
When ready, overturn the grits onto a large cutting board and cut into 1/2 wide pieces. Lay them on a parchment paper covered baking sheet and bake in a preheated oven at 425 degrees for 30-40 minutes or until browned. Flip them once to brown all sides.",https://spoonacular.com/recipeImages/640266-556x370.jpg,2022-10-28 13:48:40 UTC,2022-10-28 13:48:40 UTC,
25,Asparagus and Pea Soup: Real Convenience Food,"<ol><li><span></span>Chop the garlic and onions.</li><li>Saute the onions in the EVOO, adding the garlic after a couple of minutes; cook until the onions are translucent. </li><li>Add the whole bag of asparagus and cover everything with the broth. </li><li>Season with salt and pepper and a pinch of red pepper flakes, if using.</li><li>Simmer until the asparagus is bright green and tender (if you've thawed the asparagus it will only take a couple of minutes). </li><li>Turn off the heat and puree using an immersion blender.</li><li>Add peas (the heat of the soup will quickly thaw them) and puree until smooth; add more until it reaches the thickness you like.</li><li>Top with chives and a small dollop of creme fraiche <span class=""Apple-style-span"" style=""background-color: initial; font-family: inherit; color: rgb(77, 77, 77);"">or sour cream or greek yogurt.</span></li></ol><span class=""Apple-style-span""></span>",https://spoonacular.com/recipeImages/716406-556x370.jpg,2022-10-28 13:48:46 UTC,2022-10-28 13:48:46 UTC,
26,Caprese Quick Bread,"Heat oven to 350. Spray a 9x5x3 loaf pan or two mini bread pans with cooking spray.
Stir together flours,cheese, baking powder, basil and salt in medium bowl. Add olive oil, egg and milk, stir till combined. Fold in sundried tomatoes.
Pour into pan, drizzle melted butter over top of bread. (Bread will be thick, flatten it out with your fingers)
Bake 30 minutes for mini loaf pans and 40  50 minutes for large loaf pan, or until golden brown and toothpick inserted in center comes out clean. Cool 5 minutes, remove from pan to wire rack. Cool 30 minutes before slicing, if you can control yourself!",https://spoonacular.com/recipeImages/636962-556x370.jpg,2022-10-28 13:48:47 UTC,2022-10-28 13:48:47 UTC,
27,The Best Chili,"<ol><li>Brown the lean ground beef in a deep skillet. Cook over medium heat until cooked all the way through, and then drain.</li><li>In a large pan over high heat add in all of your additional ingredients: cooked ground beef, tomato juice, kidney beans, pinto beans, water, tomato paste, chili powder, cumin, black pepper, oregano, sugar, cayenne pepper, bell pepper, and chopped onions.</li><li>Bring to a boil.</li><li>Once your large pot of chili has started to boil, lower the heat and simmer for 2 hours uncovered.</li></ol>",https://spoonacular.com/recipeImages/715424-556x370.jpg,2022-10-28 13:48:49 UTC,2022-10-28 13:48:49 UTC,
28,Moroccan Couscous and Chickpea Salad,"<ol><li>Heat broth and a teaspoon of salt and bring to a boil.</li><li>Place couscous in a bowl and add broth.  Cover bowl to let couscous absorb liquid.</li><li>After  5 minutes, remove cover and fluff couscous with a fork.</li><li>In a large bowl, add the chickpeas, pistachios, red peppers, green onions and parsley and mix well.</li><li>Add the zest and juice of the lemon and mix again.</li><li>Add the spice mixture over the couscous and mix well. Taste, and add salt if needed.</li><li>Let the salad marinate for an hour or so before serving.</li></ol>",https://spoonacular.com/recipeImages/652423-556x370.jpg,2022-10-28 13:48:54 UTC,2022-10-28 13:48:54 UTC,
29,Butternut Squash Risotto With Pancetta and Sage Oil,"Warm stock in small saucepan, keep warm.
In small saut pan warm olive oil with sage leaves until fragrant.  Be careful not to burn leaves.  Cook 5-6 minutes and let cool.
In a medium saucepan melt butter over medium heat.  Add shallots and pancetta.  Saut until  shallots are translucent.
Add rice and stir until coated in butter.
Add wine and cook 2-3 minutes.
Slowly begin adding in stock, 1-2 ladles at a time.  Allow rice to absorb liquid before adding another ladle-full..   Continue to cook until rice is al dente (has a little bite).
Add parmesan and squash puree and mix until smooth and creamy.
Top with a drizzle of sage oil.",https://spoonacular.com/recipeImages/636601-556x370.jpg,2022-10-28 13:48:59 UTC,2022-10-28 13:48:59 UTC,
30,Fried Asparagus,"Bring a medium saucepan with lightly salted water to a boil. Prepare an ice bath (place several cubes with cold water in a bowl). Place the asparagus into the boiling water for 2 to 4 minutes depending on the thickness of the stalks (they should just be pliable but not fully cooked).Remove immediately to the ice bath; when cool, remove to a dish and set aside. Or, you can cook them in the steaming bags for 2 minutes and 30 seconds.
In a small dish (square if possible) beat the eggs, salt, pepper, parsley, and grating cheese together. On your counter or work surface, lay out two paper dishes or wax paper sheets and place the bowl with the egg mixture between them.
Fill the first dish with flour and the second with breadcrumbs. Dip the cooled asparagus into the flour, then the egg mixture and finally into the plain breadcrumbs. Layer the breaded asparagus on a platter lined with waxed paper, and place waxed paper between the layers of asparagus.
Heat a large frying pan with about 1-inch of oil in it. When the oil is hot, fry the asparagus until golden brown. Drain on paper towels. Place on a serving platter. Serve immediately, or you can serve them at room temperature as well.",https://spoonacular.com/recipeImages/643660-556x370.jpg,2022-10-28 13:49:01 UTC,2022-10-28 13:49:01 UTC,
31,Baked Alaska,"Grease a 7-inch bowl (large enough to hold 1/2 gallon ice cream, but not wider than your cake round!) with flavorless oil (see note above) or unsalted butter.
Let ice cream soften until it is workable. Pack tightly in the bowl. Return bowl to freezer until it hardens.
When ready to assemble, beat egg whites until foamy. Add tartar and whip until stiff peaks form. Gently fold in powdered sugar, a little bit at a time.
Place frozen layer cake on a plate slightly larger than the cake. Unmold the ice cream by centering it on the cake. If the ice cream does not release from the bowl, see notes.
Do not trim the cake. ""Frost"" cake and ice cream with meringue, covering completely, creating a decorative pattern by forming peaks with a spoon or spatula.
Bake in preheated at 450 degrees for 6-7 minutes until meringue peaks are golden brown.
Store in freezer until serving time.",https://spoonacular.com/recipeImages/633415-556x370.jpg,2022-10-28 13:49:02 UTC,2022-10-28 13:49:02 UTC,
32,Banana & Cream Cheese Stuffed French Toast,"<ol><li>In a small bowl combine the softened cream cheese, honey, cinnamon, nutmeg and lemon juice, set aside while preparing the batter.</li><li>Whisk together all of the batter ingredients until thoroughly mixed. (This is a breeze if you use a blender.) Pour the batter into a wide, shallow dish (like a pie plate).</li><li>Spread the filling mixture equally over 1 side of each slice of bread, divide the sliced bananas between 4 slices of the bread, top with the remaining 4 slices, press lightly.</li><li>Melt 2 t. butter and 2 t. oil in a 12 inch nonstick skillet over medium heat until the butter foams and then subsides. Working with one sandwich at a time dip both sides in the batter and let the excess drip away, add to the hot pan, repeat with a second sandwich. Cook until golden brown on the first side, around 3-5 minutes, flip and repeat on the second side. Repeat this process with the remaining, oil, butter and sandwiches. To serve, cut into triangles and serve with maple syrup.</li></ol>",https://spoonacular.com/recipeImages/633971-556x370.jpg,2022-10-28 13:49:04 UTC,2022-10-28 13:49:04 UTC,
33,Cherry-Berry Pie With Agave Nectar All-Butter Crust,"<ol><li>Make the crust:</li><li>Pulse the dry ingredients 5-6 times.</li><li>Add 2 sticks of very cold butter (I freeze mine), cut into cubes. Pulse until the ingredients resemble very coarse meal.</li><li>Adding the agave nectar and fiore di Sicilia flavoring (can substitute orange extract) one tablespoon at a time.</li><li>Watch to see the dough just comes together.</li><li>Divide the dough into two parts, one larger than the other.</li><li>Form each into a flat, round shape.</li><li>Wrap each disk in plastic and refrigerate for at least 2 hours.</li><li>While the dough is chilling, make the filling.</li><li>In a large bowl, combine all the filling ingredients.</li><li>Mix until well incorporated (it will be very soupy).</li><li>Take the dough out of the fridge.</li><li>Let it warm enough to be able to roll it out.</li><li>Roll out the crust to fit it to your pie dish.</li><li>You may need to patch some, but none will show to your eaters.</li><li>Wrap the pie dish in plastic and chill for 30 minutes.</li><li>Pour the filling into the crust.</li><li>Again, wrap the pie in plastic and chill.</li><li>Roll out the other dough disk.</li><li>Use your favorite cookie cutters to cut pieces for the top crust.</li><li>Take the pie out of the fridge and decorate the top.</li><li>Just remember to leave spots for steam to escape.</li><li>Cover the edges with foil and bake at 325 degrees F for 40 minutes.</li><li>Remove foil and bake until golden brown top and the filling is bubbling.</li><li>Let cool and enjoy!</li></ol>",https://spoonacular.com/recipeImages/637794-556x370.jpg,2022-10-28 13:49:05 UTC,2022-10-28 13:49:05 UTC,
34,Peach Coconut Ice Cream,"Heat coconut milk and half & half on the stove over medium high in a saucepan until hot and barely bubbling (bring to a low boil). Add sugar; mix to dissolve. Remove from heat.  Pour mixture into a blender along with the chopped peaches. Allow mixture to cool about 10 minutes before pouring mixture in a large container; refrigerate a few hours until cold.
If using an ice cream maker, follow the instructions on your ice cream maker accordingly.
You can also try this without an ice cream maker by putting the ice cream mixture in a freezer-safe container, placing it in the freezer and stirring with a spoon every hour for roughly 8  10 hours.  If you try this without an ice cream maker the consistency will not be as creamy as youd get when using an ice cream maker, but the ice cream will still be great!
If you have leftovers in the freezer, thaw the ice cream at least 10 minutes before attempting to dig in because it will be much stiffer than store-bought ice cream.",https://spoonacular.com/recipeImages/655098-556x370.jpg,2022-10-28 13:49:09 UTC,2022-10-28 13:49:09 UTC,
35,Brown Sugar Sponge Cookie w/ Chocolate Covered Caramels,"<ol><li>Preheat the oven to 375 degrees. Line baking sheets with parchment paper and spray with nonstick cooking spray.</li><li>In the bowl of a stand mixer on medium speed, beat the egg whites until foamy. Add the baking powder, salt and sugar and continue beating on medium speed until stiff peaks form.</li><li>In another bowl combine egg yolks, vanilla and lemon zest, beat with fork until thoroughly mixed. Fold the yolks into the egg white mixture just until combined.</li><li>Sift the flour over the egg mixture and fold in until the batter is smooth and light. Drop just about 2 teaspoons of batter for each cookie about 2 inches apart onto baking sheets. Top each off with a Rolo in the center and press down lightly.</li><li>Bake for 12 minutes or until golden. Cool on the sheets for 5 minutes then move to racks to cool completely.</li></ol>",https://spoonacular.com/recipeImages/636315-556x370.jpg,2022-10-28 13:49:09 UTC,2022-10-28 13:49:09 UTC,
36,"Kale & chickpea stew with cumin, smoked paprika and lime","Warm a few tablespoons of olive oil in a large frying pan over medium heat. Add the shallots, garlic, red pepper and basil and cook till the shallots and garlic start to brown.
Add the sweet potatoes and cook till they start to brown and soften. Add the beer. Cook till its thick and syrupy.
Add the chickpeas, paprika, cumin, raisins and about 2 cups of water. Bring to a boil and reduce heat and simmer till the sweet potato is nice and soft. You might need to add a cup or two more water as you go along, to keep it a consistency that you like.
Chop the kale into small pieces and add to the stew. Cook until everything is mixed and hot through.
Add the butter and lime juice and season with salt and pepper.",https://spoonacular.com/recipeImages/648709-556x370.jpg,2022-10-28 13:49:10 UTC,2022-10-28 13:49:10 UTC,
37,Chicken Cordon Bleu,"<ol><li>Preheat oven to 350 degrees F.</li><li>Butterfly the chicken breasts by slicing half lengthwise but not cutting all the way through. Lay the halved breasts between 2 pieces of plastic wrap. Using the flat side of a meat mallet, gently pound the chicken to 1/4-inch thickness, taking care to not tear or create holes in the meat.</li><li>Lay 2 slices of cheese on each breast, followed by 2 slices of ham, and 2 more of cheese; leaving a 1/2-inch margin on all sides to help seal the roll. Tuck in the sides of the breast and roll up tight like a jellyroll. Squeeze the log gently to seal.</li><li>Season the flour with salt and pepper; spread out on waxed paper or in a flat dish. Mix the breadcrumbs with thyme, kosher salt, pepper, and oil. The oil will help the crust brown. Beat together the eggs and water, the mixture should be fluid. Lightly dust the chicken with flour, then dip in the egg mixture. Gently coat in the bread crumbs.</li><li>Carefully transfer the roulades to a baking pan and bake for 20 minutes until browned and cooked through.</li><li>Serve whole or cut into pinwheels.</li></ol>",https://spoonacular.com/recipeImages/638035-556x370.jpg,2022-10-28 13:49:12 UTC,2022-10-28 13:49:12 UTC,
38,Mexican Casserole,"Take a large pot and ring water to a boil. When finished, place you chicken breasts in to boil for 20 minutes or until cooked. Take a smaller pan and cook rice as directed. Allow both rice and chicken time to cool when once fully cooked. Heat over to 350 degrees. Take cooled chicken breasts and shred, or cut into bite size pieces. Add into a large mixing bowl. Stir in cooked rice, 2 cups of Monterrey Jack cheese, and 1 cup of Cheddar. Stir in both soups, chopped onion, and salsa.Take a 9 x 13 baking dish and coat with non stick spray. Place mixture into the 9 x 13 dish and cover with the remaining cup of cheddar cheese. Bake for 40 minutes. Allow to cool before serving.",https://spoonacular.com/recipeImages/715438-556x370.jpg,2022-10-28 13:49:15 UTC,2022-10-28 13:49:15 UTC,
39,Finger Foods: Frittata Muffins #incredibleEGG,"",https://spoonacular.com/recipeImages/716432-556x370.jpg,2022-10-28 13:49:19 UTC,2022-10-28 13:49:19 UTC,
40,Great Greek Salad,"In a large salad bowl, toss together the cucumbers, olives, roma tomatoes, sun-dried tomatoes, 2 tablespoons reserved sun-dried tomato oil, red onion, vinegar, and seasoning.
Chill until serving.
Right before serving toss in the feta and stir to combine.",https://spoonacular.com/recipeImages/645265-556x370.jpg,2022-10-28 13:49:21 UTC,2022-10-28 13:49:21 UTC,
41,Peanut Butter Sriracha Cookies,"Cream together butter, peanut butter and sugars.
Slowly add in sriracha, eggs and vanilla. Beat until combined.
In another bowl mix together flour, baking powder, baking soda and salt.
Gently mix flour into peanut butter mixture until well combined. Place batter into refrigerator for 1 hour to chill.
Pre-heat oven to 375 degrees.
Roll dough into approx 1 sized balls or use a Medium sized cookie scoop/Size 40  1tbs portion. Dip the top of dough ball into granulated sugar and place onto cookie sheet.
Flatten each ball with a fork, making a criss-cross pattern. Bake for 8-10 minutes or just until the cookies begin to brown. Do NOT over-bake!
Cool on wire racks and enjoy!",https://spoonacular.com/recipeImages/655335-556x370.jpg,2022-10-28 13:49:25 UTC,2022-10-28 13:49:25 UTC,
42,Apple-Cheesecake Tart with Salted Caramel Glaze,"<ol><li>Crust: Using a stand mixer or handheld electric whisk, cream the butter, sugar and vanilla together until lightened. By hand, gently mix in the flour and almonds. Press the resulting crumbs into a 25cm loose-bottomed tin (or several smaller ones if you have decided to make individual servings).</li><li>Custard: Using a stand mixer or handheld electric whisk, cream together the cream cheese and sugar. Add the egg and vanilla and mix to completely combine. Pour into the prepared (uncooked) crust.</li><li>Apples: Slice the apples as thinly as possible - a mandoline is good for this. Toss gently in the sugar, cinnamon and lemon. Leave to soften for 10 minutes or so. Arrange in a layer on top of the custard. Start by laying overlapping apple slices all the way round the edge. Next create the 'rose' - arrange the slices in a spiral, standing the apple slices a little on their edge, until the centre hole is completely filled in. Save the smallest, thinnest pieces for the very centre as they will have to bend the most. Cover the tart with tin foil and bake in a preheated oven set at 190c for 30 minutes (this step helps soften the apples). Remove the foil and bake for 15-25 minutes longer, until the custard is puffed and the apple edges are lightly browned.</li><li>Glaze: When you take the tin foil off the apple tart, start making the glaze. Melt the sugar in a small saucepan over medium-high heat and cook until rich and golden. Add the butter and salt and stir to combine. Add the cream and continue to cook, stirring constantly, until the ingredients have formed a smooth, unified caramel. When the tart looks nearly ready, remove it from the oven and brush with the glaze. Return to the oven and cook for a further few minutes until the glaze is gently bubbling. Cool to room temperature.  Can be kept in the fridge for several days - store in the baking tin and wrap well.</li></ol>",https://spoonacular.com/recipeImages/632625-556x370.jpg,2022-10-28 13:49:26 UTC,2022-10-28 13:49:26 UTC,
43,Stuffed mushrooms and Chow Mein noodles,"Blanch the spinach in a very little water in the microwave oven for 3 minutes on MAX. Drain and coarsely chop. Chop mushroom stems in a blender.
Melt the butter over low heat, add the onion and cook for 1 minute. Add chopped mushroom stems, and saut for 4-5 minutes, stirring often.
Add chopped spinach; stir well and saut 2 more minutes. Remove from the heat.
Mix and combine with a fork in a separate bowl ricotta, blue cheese, chives and pepper into a fine mixture, almost a paste.
Add chopped stalks and spinach mixture, stir and combine thoroughly.
Using a small teaspoon, place mounds of filling on the top of each mushroom cap, pressing slightly to get it down into the cavity.
Mix breadcrumbs and grated Parmesan cheese, sprinkle evenly over each mushroom. Drizzle each filled cap with olive oil.
Place the mushroom caps on a baking sheet lined with parchment paper or silicon sheet, and bake in the oven at 180C for 20 minutes or until the cheese browns a little. Allow to cool for 5 minutes or so before serving.
Meanwhile cook the Chow Mein or rice noodles as directed on the package; drain.
Mix and combine garlic, sour cream and salt and stir into the cooked pasta.
Sprinkle with chopped parsley and served with stuffed mushrooms.",https://spoonacular.com/recipeImages/662054-556x370.jpg,2022-10-28 13:49:28 UTC,2022-10-28 13:49:28 UTC,
44,Baked Scallops With Parma Ham,"Preheat oven to 410 F (210 C / T 7).
Mix breadcrumbs, Parma ham, garlic, parsley and 1 teaspoon of olive oil in a food processor.
Fold a piece of kitchen paper, pour 1 teaspoon of olive oil on it and use it to grease an oven rack.
Place scallops on the greased rack and top them with Parma ham mix.
Pour a dash of olive oil on top and bake in oven for 8 minutes.
Serve as a starter with a few leaves of lamb's lettuce or rocket if you like.",https://spoonacular.com/recipeImages/633786-556x370.jpg,2022-10-28 13:49:30 UTC,2022-10-28 13:49:30 UTC,
45,Slow Cooker Lamb Curry,"<ol><li>Pull out your slow cooker and add everything into the pot with the exception of the yogurt.</li><li>Now turn on your pot, setting it on low for the next 4-6 hours or high for the next 3-5.</li><li>When the time is up, open up your slow cooker, grab your yogurt and stir it into the curry.</li><li>Serve over rice.</li></ol>",https://spoonacular.com/recipeImages/660290-556x370.jpg,2022-10-28 13:49:31 UTC,2022-10-28 13:49:31 UTC,
46,Rotisserie Chicken and Bean Tostadas,"<ol><li>Preheat oven to 350 degrees.</li><li>Place corn tortillas on a cookie sheet and bake for 16-17 minutes or until the edges brown and curl.</li><li>Cool cooked tortillas at room temperature.</li><li>To build the tostadas, start by spreading 1-2 tablespoons of refried beans on each tortilla.</li><li>Next, top with a handful of shredded rotisserie chicken, shredded iceberg lettuce, diced tomato, and guacamole.</li><li>Drizzle with the juice of one lime wedge.</li><li>Sprinkle with cotija cheese.</li><li>Drizzle with salsa.</li><li>Garnish with jalapeos.</li><li>Serve open-faced.</li></ol><p>Makes 6 tostadas. Serving size is 2 tostadas.</p>",https://spoonacular.com/recipeImages/1098354-556x370.jpg,2022-10-28 13:49:36 UTC,2022-10-28 13:49:36 UTC,
47,Shortbread Lemon Bars,"Preheat oven to 350.
Coat a 8 inch square baking ban with no stick cooking spray or line with foil.
Combine flour, confectioners sugar and salt in large mixing bowl.
Add butter and cut into flour with a fork or crumble with your fingers to combine until flour resembles coarse meal.
Press mixture with fingers into even layer over the bottom of the pan.
Refrigerate for 15 minutes, then bake about 20 minutes, or until golden brown.
Combine sugar and flour for the filling in a medium mixing bowl. Whisk in the eggs.
Add lemon juice, milk, and salt; stir to combine.
Pour over baked crust. Sprinkle lemon zest over the filling.
Return to oven and bake 20 minutes, or until firmly set.
Cool on rack. Remove from pan and cut into 9 squares.
Dust with powdered sugar.",https://spoonacular.com/recipeImages/1005367-556x370.jpg,2022-10-28 13:49:40 UTC,2022-10-28 13:49:40 UTC,
48,Raised Doughnuts,"<ol><li>Dissolve yeast by letting stand 5 minutes in warm water without stirring. In a bowl mix the milk, sugar and salt. Add the dissolved yeast. Then stir in egg and shortening.</li><li>Gradually add flour. As dough becomes stiffer, use hands. Knead until smooth and elastic. Put into lightly greased bowl and cover with a damp cloth. Let rise 2 hours. Punch down and let rise for 1 hour. Roll to 1/3 inch thickness. Cut and let rise 30 to 45 minutes. Leave uncovered so crust will form on top. Slip top side down into fat at 375 degrees. Turn and do not pick with fork. Cook approximately 3 minutes.</li><li>Dip in topping and let cool or shake in a brown paper bag with some powdered sugar.</li></ol>",https://spoonacular.com/recipeImages/657761-556x370.jpg,2022-10-28 13:49:41 UTC,2022-10-28 13:49:41 UTC,
49,Parmesan Mashed Potatoes,"<ol><li>Place potatoes in a medium pot and cover with cold water. Bring to a boil, heat to a simmer. Add a generous pinch of salt and continue to simmer until potatoes are fork tender, about 20 minutes. Heat cream, salt and pepper and butter in a medium saucepan over medium heat until steaming hot, about 6 minutes.</li><li>When potatoes are done, drain and return potatoes to pot to dry slightly. Optional: Run potatoes through food mill or potato ricer into pot.</li><li>Add potatoes to the cream and butter mixture. Stir in parmesan cheese, taste for seasoning.</li></ol>",https://spoonacular.com/recipeImages/654679-556x370.jpg,2022-10-28 13:49:43 UTC,2022-10-28 13:49:43 UTC,
50,Crepes Suzette,"<ol><li>FOR THE CREPES: Combine all liquid ingredients in a blender. Add the dry ingredients and 1/4 cup melted butter; mix on high.</li><li>Let batter rest for 30 minutes.</li><li>Heat a nonstick 10 inch skillet over medium high heat. Brush bottom and sides of pan with a bit of melted butter.</li><li>Ladle 1/2 cup batter into skillet and swirl to coat bottom evenly. Cook until lightly browned, about 1-2 minutes. Using a spatula or your fingers, flip the crepe and cook the other side until lightly browned, about 30 seconds to 1 minute.</li><li>Transfer crepes to a platter. Layer crepes over each other with parchment paper in between.</li><li>If necessary, add more butter to the pan. Repeat with the rest of the batter.</li><li>FOR THE SAUCE: Melt 1/4 cup butter in a skillet over LOW fire. Add the sugar and allow to melt. Be patient. Make sure that the heat is at its lowest. Add the lemon juice and mix well. Add the lemon zest.</li><li>Add the crepes, 3-4 at a time and allow to cook in the sauce for 1 minute. Remove from the pan. Arrange on a plate and pour the sauce over the crepes and serve warm.</li><li>Makes 8 crepes. Serving size is 2 crepes.</li></ol>",https://spoonacular.com/recipeImages/640767-556x370.jpg,2022-10-28 13:49:43 UTC,2022-10-28 13:49:43 UTC,
51,Valentine's Chicken Marsala,"Slice mushrooms and pound chicken breast with a mallet between 2 sheets of wax paper to about 1/4 inch. Dredge breast in seasoned crumbs.
Heat a heavy stainless or cast iron pan (don't use non-stick). Add the butter and the olive oil till butter melts and is bubbly. Add chicken breast and brown on both sides.
Remove browned breast. Add additional olive oil and saute mushrooms and garlic.
Deglaze pan with wine.
Add browned chicken breast back to pan. Bring to boil, reduce heat, cover and simmer for 30 min.
Remove chicken from pan. Add cream and reduce sauce 50%.
Serve over cooked pasta, if desired.",https://spoonacular.com/recipeImages/664270-556x370.jpg,2022-10-28 13:49:43 UTC,2022-10-28 13:49:43 UTC,
52,Smoked Salmon Eggs Benedict With Lemon Dill Hollandaise,"<ol><li>Make Lemon Dill Hollandaise:</li><li>Fill a medium saucepan about halfway with water, and bring to a gentle simmer over medium heat. Put the egg yolks and water in a heatproof bowl, season with a pinch of dill (if using dried), salt, and pepper. Whisk the ingredients together and then place the bowl on top of the saucepan. Keep stirring the egg mixture for about 5 minutes or until it begins to thicken. Make sure you dont scramble your eggs! Once the eggs are thickened, take the bowl off the water and set aside.</li><li>Poach the eggs:</li><li>Fill a medium saucepan with water, add a splash of white vinegar (optional, but this helps hold the whites together which results in nicely shaped eggs) and bring to a gentle simmer. You want tiny bubbles only, not a rolling boil. Gently add eggs to water and poach until deisred doneness.</li><li>Meanwhile, toast bread.</li><li>Place toast on plates and top with arugula, spinach and salmon. Place eggs on top of salmon and spoon hollandaise over the top. Garnish with dill, salt and freshly cracked black pepper and serve.</li></ol>",https://spoonacular.com/recipeImages/660368-556x370.jpg,2022-10-28 13:49:44 UTC,2022-10-28 13:49:44 UTC,
53,Nutella Buttercream Cupcakes with Hidden Cadbury Egg,"Preheat oven to 350 degrees.
Grease 6 jumbo muffin tin.
Combine cake mix milk, vanilla and oil. Mix till combined.
Add eggs beat till mixed well. Bake for 18- 21 min
After cooking cupcakes use a spoon and cut out enough area to insert Cadbury egg.
Making sure the smaller part of the egg is facing up.
Frost the cupcake hiding the Cadbury egg.",https://spoonacular.com/recipeImages/991625-556x370.jpg,2022-10-28 13:49:46 UTC,2022-10-28 13:49:46 UTC,
54,Creamy Chicken Orzo Soup,"In a large pot over medium heat, saute the vegetables in olive oil for about 10 minutes, until vegetables are tender.
Add the drained can of chicken and stir.
Season the chicken and vegetables with salt and pepper. Stir.
Increase the heat to medium-high and add the chicken broth plus 2 cans of warm water and stir.
Allow the soup to simmer for 15 minutes then add the uncooked pasta and seasoning. Stir.
Let the soup simmer for 20 minutes, stirring occasionally.
Add the condensed soup, stir until the broth is creamy and serve.",https://spoonacular.com/recipeImages/640619-556x370.jpg,2022-10-28 13:49:46 UTC,2022-10-28 13:49:46 UTC,
55,Easter Nest Sweet Cake With Sour Cream-Royal Icing and Pistachios,"<ol><li>Preheat oven to 190 C/ 375 F and lightly grease a ring cake pan. Set aside.</li><li>In a medium bowl--and using an electric mixer-- beat sugar, eggs, and butter until creamy.</li><li>Add sour cream and flour and mix  for a couple of minutes.</li><li>Pour  mixture into cake pan.</li><li>Bake for 20 minutes or until golden brown and cooked through when tested with a skewer.</li><li>To make the icing, use a standard mixer to beat the egg white until soft stiff peaks are formed. Add lemon juice and sugar and food coloring. Beat for a couple of seconds more.</li><li>Let the cake cool on a wire rack for about 10 minutes. Then pour the royal icing/glaze onto the cake, sprinkle with chopped pistachios, and decorate as desired.</li></ol>",https://spoonacular.com/recipeImages/641799-556x370.jpg,2022-10-28 13:49:50 UTC,2022-10-28 13:49:50 UTC,
56,Chocolate Almond Bark,"<ol><li>Heat oven to 160 degrees.</li><li>In a medium bowl, mix  cup chopped almonds with the Worcestershire sauce, cayenne and sea salt.</li><li>Place on baking sheet and roast for 20 minutes.</li><li>Let the almonds cool.</li><li>Melt the chocolate using a double boiler or in the microwave (be sure to use low heat) and mix the almonds into the chocolate.</li><li>Spread into wax-paper lined 8 x 8 inch baking pan.</li><li>Sprinkle a pinch more of the sea salt on the top and let cool.</li><li>Break into bite-size pieces.</li></ol>",https://spoonacular.com/recipeImages/638808-556x370.jpg,2022-10-28 13:49:50 UTC,2022-10-28 13:49:50 UTC,
57,Avocado Nests,"Cook hash browns according to direction.
Cut bacon slices into thin strips and bake or fry as you prrefere.
Make deviled eggs; mix a bit of mayonaise or cream cheese with egg yolks and divide equally into the egg white halves.
Cut avocados in half, remove seed and peel.
Place hash browns on plate and sprinkle with bacon.
Place eggs into seed cavity of avocados.
Rest avocados on the bed of hash browns and bacon.",https://spoonacular.com/recipeImages/633144-556x370.jpg,2022-10-28 13:49:51 UTC,2022-10-28 13:49:51 UTC,
58,Bacon Ice Cream,"<ol><li>Mix bacon and nuts in bowl. Set aside a teaspoon of bacon and nuts for topping.</li><li>Mix chopped bacon and nuts into ice cream, then place back in freezer.</li><li>After Bacon Ice Cream is frozen, scoop into cup and top with bits of bacon and nuts. Enjoy!</li></ol>",https://spoonacular.com/recipeImages/633314-556x370.jpg,2022-10-28 13:49:52 UTC,2022-10-28 13:49:52 UTC,
59,Curried Cauliflower Gratin,"<ol><li>Preheat the oven to 400 F. Butter an 8x8-inch baking dish and set aside.</li><li>Steam the whole cauliflower until tender but not soggy (about 15 minutes). Cool and slice the cauliflower horizontally.</li><li>Heat the peanut oil in a saucepan over medium heat. Add the ginger, shallot, and garlic; saute for 3 to 4 minutes. Add the dry spices and saute until aromatic, about 3 minutes. Sprinkle in the flour and stir to cook, about 2 minutes. Whisk in the coconut milk and salt and cook at a simmer, stirring, about 3 to 5 minutes (until thickened).</li><li>Layer the cauliflower slices and curry cream in the prepared baking dish.</li><li>Sprinkle the cumin seeds and breadcrumbs over the cauliflower and curry cream. Drizzle the breadcrumbs with the melted butter. Bake for 25 to 30 minutes until golden brown and bubbling.</li><li>Sprinkle the finished dish with the minced cilantro and serve.</li></ol>",https://spoonacular.com/recipeImages/641063-556x370.jpg,2022-10-28 13:49:52 UTC,2022-10-28 13:49:52 UTC,
60,German Rhubarb Cake with Meringue,"Preheat the oven to 350F Convection. Grease a round 26 cm Spring pan (9 1/2 inch).
Wash, dry and peel the rhubarb. Cut it in little pieces, mix with 2 tablespoon of sugar and let sit for at least 1/2 hour. It will extract a lot of water that needs to be drained. Pat rhubarb dry for further use.
In a kitchen machine beat together butter, sugar and vanilla extract until the butter is fluffy and the sugar is dissolved. Put in the eggs, one at a time and mix well.
In a separate bowl sift together flour, ground almonds, salt and baking powder, add slowly to the egg mixture. Dont over mix.
Fill dough into the spring pan, top with dried rhubarb and bake for 25 min.
In the mean time prepare the meringue/ baiser topping. Beat egg whites until stiff peaks form. Slowly add the sugar until meringue is firm and shiny.
Spread the meringue evenly over the rhubarb and decorate with almond slices. Return to the oven for another 15 min. Cover the cake with aluminum foil after 5 min. in case the meringue does turn too dark.
Cool completely before removing the cake from the pan.",https://spoonacular.com/recipeImages/644488-556x370.jpg,2022-10-28 13:49:56 UTC,2022-10-28 13:49:56 UTC,
61,Sun Dried Tomato and Herb Baked Eggs,<ol><li>Preheat oven to 350 F.</li><li>Cover the inside of one ramekin or oven safe dish with olive oil.</li><li>Line the bottom of the dish with sundried tomatoes and break two eggs on top. Sprinkle with fresh herbs.</li><li>Bake uncovered for 15-20 minutes until egg whites are firm.</li><li>Serve immediately.</li></ol>,https://spoonacular.com/recipeImages/662276-556x370.jpg,2022-10-28 13:49:57 UTC,2022-10-28 13:49:57 UTC,
62,Candied Spiced Pecans,"<ol><li>Preheat oven to 300 F.</li><li>Line a cookie sheet with tin foil and coat with cooking spray. Set aside.</li><li>In a shallow bowl sift together granulated sugar, cinnamon, allspice, cloves, and nutmeg. Set aside.</li><li>In a small bowl, whisk together maple extract, brown sugar and water.</li><li>Over medium heat, melt butter in a skillet. Slowly whisk in brown sugar mixture and bring to a boil. Add pecans and stir to coat. Simmer for about 1-2 minutes until well coated.</li><li>With a slotted spoon, transfer pecans to the reserved sugar and spice bowl. Coat pecans with sugar.</li><li>Place pecans evenly on prepared cookie sheet and bake for 15 minutes. Stir pecans and bake for an additional 15 minutes. Let cool completely before serving.</li></ol>",https://spoonacular.com/recipeImages/636864-556x370.jpg,2022-10-28 13:49:57 UTC,2022-10-28 13:49:57 UTC,
63,Chocolate Chip Peanut Butter Banana Cookies,"<ol><li>Preheat oven to 350 degrees.</li><li>In a large bowl, mash 2 ripened bananas.</li><li>Add butter, peanut butter, both sugars, egg, vanilla and stir.</li><li>In a separate bowl, whisk together flour, baking powder, baking soda, cinnamon and salt.</li><li>Add dry ingredients to banana mixture and stir until combined (do not stir this to death!)</li><li>Add mini chocolate chips and briefly stir.</li><li>Drop by large spoonful onto parchment lined baking sheet.</li><li>In a small bowl, pour 1/4 cup of sugar and 1/2 tsp of cinnamon and stir.  Sprinkle over unbaked cookies.</li><li>Bake for 10-12 minutes or until slightly golden brown.  My oven is hot, and only needs 10 minutes.  </li></ol>",https://spoonacular.com/recipeImages/638940-556x370.jpg,2022-10-28 13:49:58 UTC,2022-10-28 13:49:58 UTC,
64,Delicious Rhubarb Custard Pie,"<ol><li>Combine all the ingredients except the eggs and butter in a large bowl.</li><li>Put the mixture into a pre-baked pie crust.</li><li>Pour the beaten eggs over the rhubarb mixture.</li><li>Drizzle the melted butter over the top of the pie. Make sure all the rhubarb is covered with the eggs/butter.</li><li>Bake at 400 F (220 C) for 50 minutes. Since the crust has already been baked, you might want to tent some aluminum foil around the edges of the pie so that the exposed part of the crust doesn't get too brown.</li></ol>",https://spoonacular.com/recipeImages/641410-556x370.jpg,2022-10-28 13:50:00 UTC,2022-10-28 13:50:00 UTC,
65,Mardi Gras Shrimp touffe,"<p>Heat up a heavy pot over low heat. Add in the butter and cook for about 10-12 minutes until a light golden brown. Be sure to stir around a few times to prevent burning.</p><p>Whisk in the flour until smooth and cook again for about 8 minutes on low. It should look like a slightly loose peanut butter when its ready.</p><p>Add in the bell peppers, celery and onion. Stir and coat the veggies with the roux. Cook for another 10-15 minutes, until the veggies are softened.</p><p>Stir in the garlic and thyme and cook for a minute, until the garlic is fragrant.</p><p>Add in the tomato paste, Worcestershire sauce, creole seasoning and broth. Simmer on low for 30-40 minutes until slightly thickened. Stir occasionally.</p><p>Stir in the shrimp, shut the heat and put the lid on. Allow to cook for about 5-8 minutes or until cooked through. Stir in a Tbsp of butter right at the end.</p><p>Serve over rice and garnish with sliced scallion and fresh diced tomato.</p>",https://spoonacular.com/recipeImages/1098393-556x370.jpg,2022-10-28 13:50:00 UTC,2022-10-28 13:50:00 UTC,
66,Brown sugar & Spice Sugar cookie frogs,"Whisk the flour, baking powder and spices, set aside.
Cream the sugar and butter. Add the egg and extracts and mix until well-blended.
Gradually add the flour mixture and beat just until combined, scraping down the bowl, especially the bottom. (The dough will be quite thick...you may need to knead in stray bits of flour from the bottom of the bowl by hand.)
Roll on a floured surface and cut into shapes. Place on parchment lined baking sheets and bake for 9-12 minutes, depending on the size of your cutter. Let sit a few minutes on the sheet, then transfer to a cooling rack.",https://spoonacular.com/recipeImages/636300-556x370.jpg,2022-10-28 13:50:03 UTC,2022-10-28 13:50:03 UTC,
67,Coastal Avocado Salad with Grapes and Shrimp,"In a medium bowl, combine the shrimp, grapes, celery, water chestnuts and the sliced whites of the green onion. In a small bowl, combine the mayonnaise, sherry, salt, pepper, sesame oil and dry mustard. Gently mix with shrimp and grape mixture. Sprinkle with the sliced green part of the onion and the sesame seeds. Refrigerate until ready to serve. Serves 4.
Nutritional analysis per serving: Calories 227; Protein 25 g; Carbohydrate 13 g; Fat 8 g; 31% Calories from Fat; Cholesterol 226 mg; Sodium 457 mg; Potassium 362 mg; Fiber 3 g.",https://spoonacular.com/recipeImages/639672-556x370.jpg,2022-10-28 13:50:04 UTC,2022-10-28 13:50:04 UTC,
68,Cherry ice cream,"<ol><li>Put cherries, milk, one cup of the cream, sugar, and salt into a medium saucepan. Heat on medium heat until the mixture is steamy, then lower the heat and let sit for about 15 minutes. Remove from heat.</li><li>Pour mixture into a blender, and carefully pure ( because of the hot liquid).</li><li>Put mixture into a large bowl and stir in the remaining  cup of cream. Chill for several hours in the refrigerator until completely cold.</li><li>Stir in cornstarch, lemon juice and Amaretto.</li><li>Pour the mixture into an ice cream machine and churn until frozen. Transfer to plastic container and place in the freezer for an hour before serving.</li><li>Serving: take it out for 5-10 minutes before serving, or longer, so it comes to the right scooping temperature.</li></ol>",https://spoonacular.com/recipeImages/637761-556x370.jpg,2022-10-28 13:50:08 UTC,2022-10-28 13:50:08 UTC,
69,Moroccan kofte and sausage stew,"Mix the beef, onion, chilli, spices and the chopped coriander leaves.
Add the egg and salt, mix and combine.
Form small meatballs about the size of a walnut (approximately 26 meatballs).
Fry the meatballs and the sausage in olive oil in a large frying pan until browned all over (you may need to do this in batches).
Scoop out, then add the harissa* and cook for a minute.
Add the tomatoes, chicken stock and cinnamon. Simmer for 15 minutes.
Return the meatballs and sausage and simmer for another 20 minutes, until cooked.
Stir through the rest of the coriander to finish.
*Harissa:
Soak the dried chilies in hot water for 30 minutes. Drain. Remove stems and seeds.
In a food processor blend chili peppers, garlic, salt, and olive oil.
Add remaining spices and blend to form a smooth paste.
Drizzle a small amount of olive oil on top to keep fresh.
Store in airtight container and keep for a month in the refrigerator.",,2022-10-28 13:50:08 UTC,2022-10-28 13:50:08 UTC,
70,"Banana, Cranberry and Apple Bread","<ol><li>Line and greased a loaft pan. (I used cooking spray to grease the pan) Pre-heat the oven to 350 degree F (170 C).</li><li>In a mixing bowl, combined flour, baking powder, baking soda, salt and sugar. Mix well and set it aside.</li><li>In another mixing bowl, combined eggs, milk, oil, vanilla, grated apple and mashed bananas. Mix it well with a big spoon. Add in the dry ingredients into the eggs mixture. Mix until combined.</li><li>Lastly add in dried cranberries. Mix well and pour it into the baking pan. Bake for 70 minutes or skewer inserted into bread and comes out clean.</li></ol>",https://spoonacular.com/recipeImages/634213-556x370.jpg,2022-10-28 13:50:12 UTC,2022-10-28 13:50:12 UTC,
71,Dried Fruit and Ginger Scones,"<ol><li>Position a rack in the middle of your oven and preheat to 425F.  If you will be baking on a pizza stone, put it in the oven to preheat as well.  If you will be using a cookie sheet, line it with parchment paper and set it aside.</li><li>Whisk together the flours, baking powder, 3 TB of the sugar, and salt in a medium bowl.</li><li>Cut in the butter using a pastry blender, two knives, or your fingers, until the largest chunks of butter are the size of small peas.</li><li>Pour in the cream and milk (or just use all cream, if you have it) and mix it around with a fork until an evenly hydrated, extremely sticky dough forms.</li><li>Add the fruits and mix again until evenly distributed (you may have to work a bit to break up the ginger pieces).</li><li>Dump the sticky mass out onto a well-floured board.  Sprinkle a little flour on top as well, then pat the dough out into a circle about 1-inch thick.  Try not to add too much flour, lest they become dense and tough.  Dip a pizza cutter or other thin, sharp knife into flour, then cut the circle into 8 equal sized pieces.  You may need to scrape off and re-flour your slicing instrument between slices.</li><li>Using a bench scraper, a thin spatula, or (if you are brave) your hands, relocate your 8 scones to your prepared baking vessel, spacing them a half inch or so apart (they will puff and rise a little bit, but not tremendously).  Sprinkle the tops with the remaining 1 TB of sugar.</li><li>Bake for 13-15 minutes, or until lightly golden on top and cooked through.</li><li>Cool at least 10 minutes before removing to a wire rack.  Eat warm or cool.</li></ol>",https://spoonacular.com/recipeImages/641651-556x370.jpg,2022-10-28 13:50:13 UTC,2022-10-28 13:50:13 UTC,
72,Bananas Foster Ice Cream,"In a heavy bottomed saucepan, heat the milk, salt and 1/4 cup sugar over med-low heat until steaming but not boiling and the sugar is dissolved.  Add the vanilla bean and vanilla bean caviar to the mixture.  Cover and let steep for 1 hour.
In a small saute pan, melt the butter, brown sugar and salt.  Bring to a boil stirring constantly until the mixture turns a deep golden brown.  Add the bananas and continue to saute the mixture for approximately 5 more minutes or until the bananas soften.  Stir in the rum and remove from heat.  Let the mixture cool to room temperature.
Fill a large bowl with ice and water.  Place a small bowl in the ice water and add the heavy cream.  Top the small bowl with a wire strainer and set aside.
In a small bowl, whisk together the egg yolks and remaining 1/4 cup sugar until light in color and ribbons begin to form.
Reheat the milk mixture over med-low heat and slowly add to egg mixture whisking constantly so the eggs do not scramble.  Return the milk/egg mixture to the pan and heat. Stir constantly with a heat resistant spatula being sure to scrape the sides and bottom until it begins to thicken (it will coat the back of the spatula).
Strain the milk mixture into the cream, remove the strainer and stir until combined.  Cover with plastic wrap and chill in the refrigerator for 2 hours or overnight.
Pour the mixture into the freezer can of an electric ice cream maker and freeze according to the manufacturers instructions.  When the mixture reaches soft serve consistency, add the banana mixture and continue churning until combined.
Transfer the ice cream to a freezer safe container and freeze.",https://spoonacular.com/recipeImages/634237-556x370.jpg,2022-10-28 13:50:16 UTC,2022-10-28 13:50:16 UTC,
73,Fall Fruit Compote,"<ol><li>Melt the butter in a medium saucepan over high heat. Add the diced apples, pears, cherries, vinegar, apple juice, brown sugar, and cinnamon stick. Cook for 5 minutes. Lower the heat to medium and cook a few minutes more, until the fruit is tender and the liquid has boiled away. Add a bit more apple juice to keep the fruit from scorching. The compote will keep for a week, refrigerated. Serve warm with potato latkes.</li></ol>",https://spoonacular.com/recipeImages/642554-556x370.jpg,2022-10-28 13:50:17 UTC,2022-10-28 13:50:17 UTC,
74,Easy Bread Pudding and Vans,"Toast waffles according to the package. When cool, cut into 1 inch pieces.Arrange waffle pieces evenly in an 8 x 8 baking dish that has been coated with cooking spray.In a large bowl, whisk together all ingredients, (minus strawberries, chocolate, olive oil, and powdered sugar). Pour over waffles, pressing it in to make the waffle pieces moist. Let the mixture soak while the oven preheats to 325 degrees.Place baking dish on a sheet pan, and bake for 30 to 40 minutes, or until the pudding is set and golden brown.Before serving, sprinkle with powdered sugar. Take your white chocolate chips and place  cup in a microwave safe bowl. Add a tsp of olive oil and heat for 30 seconds. Stir. Heat for an additional 30 seconds, and continue until your chocolate is melted. Glaze the top of your bread pudding with the melted white chocolate, take some of the mashed strawberries and finish topping your bread pudding.",https://spoonacular.com/recipeImages/715508-556x370.jpg,2022-10-28 13:50:20 UTC,2022-10-28 13:50:20 UTC,
75,White chocolate-cranberry ice cream,"<ol><li>In a medium saucepan boil the milk until it starts to bubble gently. Remove from flame and set aside.</li><li>Meanwhile whisk the egg yolks and sugar together for 3 minutes until pale yellow and double in volume.</li><li>Pour the milk on to the egg mixture and stir and then gently pour the mixture back in to the saucepan and simmer very lightly. Stir continuously until the custard mix thickens or coats the back of a wooden spoon.</li><li>Add the chopped chocolate stirring until the heat melts the chocolate.</li><li>Cool the mixture, stir in the vanilla extract and put it in the fridge to chill.</li><li>Once chilled, add the cream to the mixture. Stir and combine.</li><li>Pour the mixture into an ice cream machine and churn until frozen.</li><li>Add  dried cranberries in the last 5 minutes of churning and let the machine stir them in.</li><li>Transfer to plastic container and place in the freezer for 3 hours before serving.</li></ol>",https://spoonacular.com/recipeImages/665203-556x370.jpg,2022-10-28 13:50:22 UTC,2022-10-28 13:50:22 UTC,
76,Crispy Buttermilk Fried Chicken,"Mix flour, salt, paprika and pepper. Dip chicken in buttermilk and then into flour mixture. Cook chicken in oil, starting on medium-high heat, then, when chicken is browned, reduce heat to medium and cook an additional 30 to 35 minutes until chicken is done (approx 150-155 degrees F internal), turning occasionally.",https://spoonacular.com/recipeImages/640803-556x370.jpg,2022-10-28 13:50:23 UTC,2022-10-28 13:50:23 UTC,
77,Philly Cheesesteak Grilled Wraps,"In frying pan over medium-low heat, add onions and cook on low until caramelized (when done properly, this takes about 30 min). Add in the Better than Bouillon Beef Base and a tbsp of water to make a faint gravy.
Add in the mushrooms and bell peppers and cook until softened, about 5 minutes.
On tortilla, spread a thin layer of mayonnaise and top with a few squirts of hot sauce.
Pile on the steak and vegetables.
Roll up, making sure the ends are sealed.
On griddle or in large frying pan sprayed with cooking spray, over medium heat, add the wraps, seam side down, and put something heavy on top (like a smaller frying pan weighted down with something heatproof) and grill until toasted. Flip and repeat. This would work well in an electric grill (like the George Foreman or a panini press)
Once finished, pull off and let sit for a minute before slicing in half.
Enjoy the happy faces around you :)",https://spoonacular.com/recipeImages/655890-556x370.jpg,2022-10-28 13:50:23 UTC,2022-10-28 13:50:23 UTC,
78,Cornmeal-Crusted Catfish with Cajun Seasoning and Spicy Tartar Sauce,"Whisk the egg and milk in a medium bowl. Combine the cornmeal, chile powder, cayenne powder, paprika, and garlic in a large zip-top bag.
Dip each catfish filet in the egg mixture. Let excess egg drip off and place the filets in the bag with the cornmeal mixture. Zip the top and shake the bag until all pieces are well coated.
Remove the filets and lay side by side on a plate (do not overlap). Place in the refrigerator for 30 minutes. (Refrigeration helps keep the crust adhered during cooking.)
While the fish chills, make the sauce. Whisk the first 6 ingredients (through lemon juice) in a small bowl. Season with salt and pepper and set aside.
Heat a large, nonstick skillet over medium heat and add the olive oil. When the oil is hot (but not smoking), season the catfish filets with salt and pepper and add to the skillet. Fry until crispy on the outside and tender on the inside, 3-4 minutes per side, depending on thickness.
Divide the fish among 4 plates and top each with a dollop of tartar sauce or pass the sauce at the table.",https://spoonacular.com/recipeImages/640166-556x370.jpg,2022-10-28 13:50:25 UTC,2022-10-28 13:50:25 UTC,
79,Chilled Cucumber Avocado Soup with Yogurt and Kefir,"",https://spoonacular.com/recipeImages/716437-556x370.jpg,2022-10-28 13:50:29 UTC,2022-10-28 13:50:29 UTC,
80,Enchiladas Verdes (Green Enchiladas),"Roast Chili Peppers
Preheat broiler. Select firm, meaty peppers without wrinkles for roasting. Wash thoroughly. Place peppers evenly in a single layer on a foil-lined cookie sheet. Place under broiler. Watch them closely as the skin will blister and turn black within minutes. Turn the peppers after 5 minutes to blister all sides evenly. When done, the pepper skins should be evenly blistered and mostly black. Place roasted peppers in a plastic bag, cover with a kitchen towel and when cool, rub off blackened skin. Tear open and pull out the seed pod and stem.
Sauce
In a blender combine the peppers, flour, and half of the suero or buttermilk and blend until creamy. Pour mixture into medium skillet and set over medium-low heat to warm. Add additional suero or buttermilk and stir. Taste and season with salt, usually about 2 teaspoons. If the sauce is too spicy, add  cup of crema or sour cream and stir. If the sauce is too thick, add water until desired consistency is reached.
Chicken (Optional)
In a pot with enough water to cover, boil chicken breasts 25 minutes or until juices run clear. Drain, cool, and shred. Optional time-saver: shred a store bought rotisserie chicken.
Stacked Style
Fry tortillas in hot oil until softened. Drain on paper towels. Soften tortillas by soaking in sauce one at a time. Place softened tortillas on individual serving plates. Layer with cooked chicken, cheese, and onion. Repeat process for a total of 3 tortillas for each serving.
Oven Style
Preheat oven to 350 degrees. Spread 1 cup of the sauce in an ungreased 9-by-13-inch baking dish. Fry tortillas in hot oil just until softened. Drain on paper towels. Fill with cooked chicken, cheese, and onion. Roll, placing seam side down.
Pour 2 cups of the sauce over enchiladas. Sprinkle with crumbled queso fresco and bake until warm, about 15 minutes. Serve with a dollop of crema or sour cream and your favorite side dish.",https://spoonacular.com/recipeImages/642403-556x370.jpg,2022-10-28 13:50:31 UTC,2022-10-28 13:50:31 UTC,
81,Caramelized Onion Dip,"",https://spoonacular.com/recipeImages/716422-556x370.jpg,2022-10-28 13:50:33 UTC,2022-10-28 13:50:33 UTC,
82,Easy Chicken Tikka Masala,"In a small bowl mix all the spices including the ginger. Set aside.
In a large saucepan, heat the oil .
Add the onions and cook until golden brown.
Add the garlic and continue to cook for a minute.
Stir in the spices and allow the flavours to infuse.
Stir in the tomato paste.
Add the chopped tomato and pour in the water. Simmer and season with salt to taste.
Add the chicken pieces stirring well to coat the meat with the sauce. Continue to simmer until the chicken is cooked and the sauce has thickened, about 12 minutes.
Stir in the yogurt and continue to simmer 5 minutes.
Garnish with chopped fresh cilantro
Serve with bismati rice.",,2022-10-28 13:50:34 UTC,2022-10-28 13:50:34 UTC,
83,"Toasted"" Agnolotti (or Ravioli)","Preheat oven to 180 degrees Celsius (350 F) for a fan-forced oven or 200 degrees Celsius (392 F) for a convection oven.
Line a baking tray with baking paper.
Spray a thin layer of olive oil (any oil of your choice will do) on the baking paper. Set aside.
Crack and beat an egg on a plate. On a separate plate  add breadcrumbs.
Dip agnolotti in the beaten egg first.
Then coat it with breadcrumbs.  Repeat step 5 and 6 with the remaining agnolotti until egg and breadcrumbs are finished.
Place the crumbed agnolotti onto a baking tray. Once youve completed step 5 and 6, spray another thin layer of oil over the crumbed aganolotti. Bake the crumbed agnolotti for 25 minutes or until golden brown.
Serve immediately with pasta sauce or ketchup.",https://spoonacular.com/recipeImages/631807-556x370.jpg,2022-10-28 13:50:35 UTC,2022-10-28 13:50:35 UTC,
84,Quick and Easy Southwestern Corn Chowder,"<ol><li>In a Dutch oven, sweat the onions and peppers with a pinch of salt until onions are translucent.</li><li>Add the chili flakes.</li><li>Add the chicken stock, corn and chicken.</li><li>Simmer covered for 10 minutes.</li><li>Add the butter, half and half, and cheese, if desired.</li><li>Add salt and pepper to taste.</li></ol>",https://spoonacular.com/recipeImages/657556-556x370.png,2022-10-28 13:50:36 UTC,2022-10-28 13:50:36 UTC,
85,Strawberry Tart,"Preheat oven to 350 degrees F.
Sift flour onto a board or into a bowl. Make a well in the center. Add the butter, water, egg yolk, sugar, vanilla, and orange zest. Work the ingredients in the center, drawing in the flour until the dough is smooth.
Pat out the dough onto the bottom and sides of a pie plate. Prick the bottom and sides of the dough with a fork. Bake got 15-20 minutes, or until the pastry is light golden. Cool.
To make the glaze, put the cherry preserves in a small saucepan and melt it slowly over low heat. Cool slightly and brush over the bottom of the pastry.
Wash, hull and slice the strawberries. Fill the pie plate with the strawberries and top with remaining cherry glaze.
Whip cream with 1 tablespoon of confectioners sugar until light and fluffy and serve with a slice of strawberry tart! Enjoy!",https://spoonacular.com/recipeImages/631762-556x370.jpg,2022-10-28 13:50:39 UTC,2022-10-28 13:50:39 UTC,
86,Funghetti Trifolati,"<ol><li>First, in a large skillet let the oil get hot. Then add the garlic saute until it takes on a golden color, without burning it. When the garlic is ready, add the mushrooms and let them release their juice and reduce for 5 to 10 minutes. At first the mushrooms look big, but they will shrink a lot. Don't worry if it appears to be a lot at first. When the mushroom has released all the liquid and it is reduced a bit, add the white wine and let it reduce for another 5 minutes , until the juice reaches a nice consistency. Add salt and pepper to taste. Before serving, sprinkle the parsley on top.</li></ol>",https://spoonacular.com/recipeImages/644094-556x370.jpg,2022-10-28 13:50:40 UTC,2022-10-28 13:50:40 UTC,
87,Thai Savory Brown Fried Rice,"Make my Perfect Brown Rice recipe below.  While brown 
rice is cooking prepare rest of meal.

PERFECT BROWN RICE
1 cup uncooked brown rice
1 tsp. olive oil
2 cups filtered water
2 basil leaves (optional)


Fix brown rice by cooking in 1 tsp. olive oil until lightly browned. Place 2 basil leaves on top of rice and add 2 cups water all at once. Quickly put on lid and bring to boil. Turn down heat to simmer until all water has evaporated (around 40 minutes).
Heat oil in a wok or large frying pan.  Add the garlic and cook on medium until lightly golden.  Watch carefully so you do not burn garlic.
Add the red chili peppers, cashew nuts and toasted coconut.  Mix together stevia, Nama Shoyu and apple cider vinegar together.  Cook over medium heat for 1 minutes.
Push stir-fry to one side of pan and add flax on opposite end.  Cook and stir the flax egg for about a minute and then incorporate into stir-fry mixture.
Add the green beans, bok choy and brown rice to stir-fry.  Cook and stir on medium for another minute.  Bok Choy will be wilted, but green beans will still be a bit crunchy.
Spoon into serving dish and add lime wedge on side for squeezing over rice.",https://spoonacular.com/recipeImages/663150-556x370.jpg,2022-10-28 13:50:41 UTC,2022-10-28 13:50:41 UTC,
88,Restaurant Style Salsa,<ol><li>Combine all ingredients in a food processor. Pulse until you get the salsa consistency you like. 10 to 15 pulses. Test seasonings and adjust accordingly.</li><li>Store in a Tupperware container.</li><li>Ready in 5 minutes</li></ol>,https://spoonacular.com/recipeImages/658180-556x370.png,2022-10-28 13:50:46 UTC,2022-10-28 13:50:46 UTC,
89,Carrot Cake Snack Bites,"<ol><li>In a food processor, blend all the snack bite ingredients together.</li><li>Scoop out tablespoons full of the batter and roll it into a ball.</li><li>Roll the balls in sesame seeds, coconut, or chopped almonds for additional crunch, if desired.</li><li>Store refrigerated.</li></ol>",https://spoonacular.com/recipeImages/637187-556x370.jpg,2022-10-28 13:50:47 UTC,2022-10-28 13:50:47 UTC,
90,"Watermelon Popsicles with Mint, Basil & Lime","<ol><li>Combine basil, lime juice, mint leaves, salt, and cubed watermelon in a blender.  Blend at highest speed until liquefied.</li><li>Pour into popsicle molds or ice cube tray and freeze for a minimum of 4 hours.</li><li>Serve.</li></ol>",https://spoonacular.com/recipeImages/665029-556x370.jpg,2022-10-28 13:50:49 UTC,2022-10-28 13:50:49 UTC,
91,Dulce De Leche Cheesecake,"<ol><li>Toss the cookie crumbs into the melted butter in a mixing bowl. Reserve 1 tablespoon of the mixture for the topping. Press the rest of the mixture onto the bottom and up 3cm high of a greased 24cm spring form pan. Chill until its ready for use.</li><li>Using electric mixer beat balance cream cheese and sugar in a large mixing bowl until smooth. Add yogurt and eggs, beating until just blended. Stir in cornstarch, dulce de leche, lemon juice and zest until blended.</li><li>Pour the mixture into the crust and sprinkle the top with reserved cookie crumbs. Steamed bake the cheesecake at 165C/330F for 65 minutes until almost set. Turn oven off. Leave the cake with the oven door ajar for 1 hour. Cool completely and chill at least 4 hours or overnight until firm.</li></ol>",https://spoonacular.com/recipeImages/641730-556x370.jpg,2022-10-28 13:50:50 UTC,2022-10-28 13:50:50 UTC,
92,Watermelon Jalapeo Cocktail Cooler,"Whiz the chilled watermelon in a blender and strain for a smoother cocktail to serve on ice. For a frozen variation, freeze some watermelon cubes and blend it in with the chilled watermelon.
In a large pitcher, muddle 1 lime, herb leaves, and 1-2 jalapeos. Use a rolling pin or the bottom of a glass bottle if you dont have a muddler.
Stir in the blended watermelon, liquor, a splash of soda, and sweeten to taste.
Serve in ice-filled glasses and garnish with lime wedges, herbs, and jalapeo slices.",https://spoonacular.com/recipeImages/665016-556x370.jpg,2022-10-28 13:50:50 UTC,2022-10-28 13:50:50 UTC,
93,Cream Cheese Stuffed Baby Bell Pepper Appetizer,"<ol><li>Preheat the oven to 350 degrees. Cut the bell peppers lengthwise, remove the seeds and stems.  Lightly oil the bell peppers by tossing them in a bowl with some grapeseed oil or olive oil.  Place the peppers on a baking sheet skin-side down. Roast in the oven for 8-10 minutes until the edges begin to show some color.  Remove from the oven and allow to cool.</li><li>While the peppers are roasting, prepare your stuffing.  Place the cream cheese, walnuts, garlic, salt, sriracha and black pepper in a bowl and mix until creamy (I used a fork to mash the ingredients together but Im sure this can be done in a food processor or mixer). Add the green onion and fold in to the cream cheese until combined.  Test the cream cheese for flavor. If you would like, add more salt and/or sriracha.</li><li>Heat your oven to 400 degrees. Use a spoon (or a piping bag) to stuff the peppers liberally and place them back on the baking sheet.  There is enough stuffing here to really pack those suckers up, so you dont need to worry about the amount of cream cheese youre portioning out.  If the cream cheese is very soft, place the baking sheet in the refrigerator for 15 minutes to allow it to set up. If not, place pop the peppers in the oven and bake about 8 minutes.  Change oven setting to high broil and bake an additional 2 minutes, until the tops of the cream cheese begin to brown (If theyre already brown at this point, skip the broiling).</li><li>Put on a pretty plate and serve to your friends.</li></ol>",https://spoonacular.com/recipeImages/640508-556x370.jpg,2022-10-28 13:50:53 UTC,2022-10-28 13:50:53 UTC,
94,Soft Croatian corn bread - proja,"<ol><li>Mix and combine eggs, salt, corn and wheat flour, instant polenta, baking powder, olive oil, and yogurt</li><li>Gradually add as much mineral water as needed to make a quite thin batter.</li><li>Mix in and combine cottage cheese.</li><li>Pour batter into the baking pan lightly greased with butter and bake in oven at 220C for about 30 minutes or until the proja - corn bread is baked (trick with a toothpick).</li></ol>",https://spoonacular.com/recipeImages/660504-556x370.jpg,2022-10-28 13:50:53 UTC,2022-10-28 13:50:53 UTC,
95,"Linguine with Prawns, Fresh Tomatoes and Spinach","<ol><li>Cook the Linguine according to package direction.</li><li>In a large skillet under medium heat melt the butter with the olive oil. Add the chopped tomatoes, chopped parsley, chopped garlic and saute until slightly tender. Add the spinach, the wine and the prawns. Saute until the prawns are pink and the spinach wilted.</li><li>Drain the pasta, add it to the skillet and mix well.</li><li>Serve hot.</li></ol>",https://spoonacular.com/recipeImages/650139-556x370.jpg,2022-10-28 13:50:54 UTC,2022-10-28 13:50:54 UTC,
96,All American Sloppy Joes,"<ol><li>Heat the olive oil in a large skillet. Add in minced garlic, shallots, and green bell pepper.  Stir until fragrant and tender, about 3 minutes. Season it with salt and black pepper.</li><li>Add the ground beef to the vegetables. Stir and cook about 5 minutes, until the meat is no longer pink and fully cooked. Add tomato sauce, barbecue sauce, Worcestershire, and hot sauce into the skillet. Stir to combine. Simmer until thickened.</li><li>To serve, spoon and pile sloppy meat onto the toasted, buttered bun bottoms and cover with bun tops with your favourite side dish or pickles.</li></ol>",https://spoonacular.com/recipeImages/632071-556x370.jpg,2022-10-28 13:50:55 UTC,2022-10-28 13:50:55 UTC,
97,Pork with Blueberry Sauce,"<ol><li>Preheat oven to 400 degrees Fahrenheit.</li><li>In a nonreactive bowl, mash the blueberryies with the brown sugar to desired consistency, then set aside.</li><li>Heat saute pan on medium. Season the pork chops with salt and pepper on both sides. Add canola oil to the saute pan. Brown pork on both sides until golden and crispy, about 2-3 min on each side.</li><li>Remove from pan and place on a baking dish to finish cooking in the oven. Depending on thickness of the pork. If its thin keep warm aside until sauce is ready.</li><li>In the same pan the pork was cooking in, add the chopped red onion, saute until translucent. Then add in the mashed blueberry sugar mixture and balsamic vinegar. Cook until the sauce gets thick, about 2-3 minutes.</li><li>Add in the lime zest and juice and season with salt and pepper. If you put the pork in the oven, remove and place on serving plates. Serve sauce on top and garnish with parsley or cilantro. Enjoy!</li></ol>",https://spoonacular.com/recipeImages/656846-556x370.jpg,2022-10-28 13:50:57 UTC,2022-10-28 13:50:57 UTC,
98,Yorkshire Pudding,"<ol><li>Preheat oven to 400-450 F  depending on your oven, once you have made these a few times you will work out the best temperature.</li><li>Pass the flour and salt through a sieve and mix together, in a seperate bowl beat the eggs and milk then combine the two</li><li>Poor the dripping into your yorkshire tray, a muffin or cupcake tray would probably work too and place in the oven to get the oil nice and hot.</li><li>Take the oil out of the oven and spoon a couple of tablespoons into each section of your pan.</li><li>Place back in the oven and cook for 20 minutes or so. Do not open the oven once added, this is very important, if you don't leave them alone you will get flat doughy puddings.</li></ol>",https://spoonacular.com/recipeImages/665573-556x370.jpg,2022-10-28 13:50:59 UTC,2022-10-28 13:50:59 UTC,
99,Classic Eggs Benedict,"Prepare Knorr Hollandaise Sauce according to package instructions.
Brown Canadian Bacon in a frying pan and toast English muffins. While bacon is cooking, poach the eggs.
Fill a medium sized sauce pan half way with water. Add 1/2 teaspoon of white vinegar (this is optional but the vinegar helps hold the egg together). Bring to a gentle boil and carefully add eggs (1-2 at a time works best). Poach eggs for 2-3 minutes or until yolk has set to your preference. Remove eggs one at a time with a slotted spoon.
Layer ingredients as follows: English muffin, Canadian Bacon, Eggs, Hollandaise Sauce.",https://spoonacular.com/recipeImages/639594-556x370.jpg,2022-10-28 13:51:00 UTC,2022-10-28 13:51:00 UTC,
100,Plantain Pizza,"<p>Dissolve the yeast in warm water and leave to stand for about 5 minutes.Mix the oil, flour, salt, sugar and mashed plantain and pour in the dissolved yeast.Knead the dough till its elastic which may take aBout 15-20 minutes By hand or 10 minutes in a mixer.Coat a Bowl lightly with oil and place the dough in it. Cover with a plastic wrap and leave to rise between 1.5  2 hours.While the dough is rising, heat up the oil for the sauce, fry the Blended tomato and pepper, season and stir fry the Beef in the tomato sauce. Set aside.When the dough rises, divide into two. Sprinkle some flour on a flat surface and with a rolling pin, flatten out the dough but not excessively. Cut the dough into your desired shape, rub some oil on it and spread your sauce and toppings on it and set aside.Heat up your oven to 350 F and place your pizza dough on a lightly oiled foil pan and Bake for 12-15 mins. Serve warm</p>",https://spoonacular.com/recipeImages/716300-556x370.jpg,2022-10-28 13:51:02 UTC,2022-10-28 13:51:02 UTC,
